id,ISO_code_alpha3,Country,Year,Global Innovation Index
ABW-2013,ABW,Aruba,2013,
AFG-2013,AFG,Afghanistan,2013,
AGO-2013,AGO,Angola,2013,23.5
ALB-2013,ALB,Albania,2013,30.9
AND-2013,AND,Andorra,2013,
ARE-2013,ARE,United Arab Emirates,2013,41.9
ARG-2013,ARG,Argentina,2013,37.7
ARM-2013,ARM,Armenia,2013,37.6
ASM-2013,ASM,American Samoa,2013,
ATG-2013,ATG,Antigua and Barbuda,2013,
AUS-2013,AUS,Australia,2013,53.1
AUT-2013,AUT,Austria,2013,51.9
AZE-2013,AZE,Azerbaijan,2013,29.0
BDI-2013,BDI,Burundi,2013,
BEL-2013,BEL,Belgium,2013,52.5
BEN-2013,BEN,Benin,2013,25.1
BFA-2013,BFA,Burkina Faso,2013,27.0
BGD-2013,BGD,Bangladesh,2013,24.5
BGR-2013,BGR,Bulgaria,2013,41.3
BHR-2013,BHR,Bahrain,2013,36.1
BHS-2013,BHS,"Bahamas, The",2013,
BIH-2013,BIH,Bosnia and Herzegovina,2013,36.2
BLR-2013,BLR,Belarus,2013,34.6
BLZ-2013,BLZ,Belize,2013,30.0
BMU-2013,BMU,Bermuda,2013,
BOL-2013,BOL,Bolivia,2013,30.5
BRA-2013,BRA,Brazil,2013,36.3
BRB-2013,BRB,Barbados,2013,40.5
BRN-2013,BRN,Brunei Darussalam,2013,35.5
BTN-2013,BTN,Bhutan,2013,
BWA-2013,BWA,Botswana,2013,31.1
CAF-2013,CAF,Central African Republic,2013,
CAN-2013,CAN,Canada,2013,57.6
CHE-2013,CHE,Switzerland,2013,66.6
CHI-2013,CHI,Channel Islands,2013,
CHL-2013,CHL,Chile,2013,40.6
CHN-2013,CHN,China,2013,44.7
CIV-2013,CIV,Cote d'Ivoire,2013,23.4
CMR-2013,CMR,Cameroon,2013,25.7
COD-2013,COD,"Congo, Dem. Rep.",2013,
COG-2013,COG,"Congo, Rep.",2013,
COL-2013,COL,Colombia,2013,37.4
COM-2013,COM,Comoros,2013,
CPV-2013,CPV,Cabo Verde,2013,29.7
CRI-2013,CRI,Costa Rica,2013,41.5
CUB-2013,CUB,Cuba,2013,
CUW-2013,CUW,Curacao,2013,
CYM-2013,CYM,Cayman Islands,2013,
CYP-2013,CYP,Cyprus,2013,49.3
CZE-2013,CZE,Czech Republic,2013,48.4
DEU-2013,DEU,Germany,2013,55.8
DJI-2013,DJI,Djibouti,2013,
DMA-2013,DMA,Dominica,2013,
DNK-2013,DNK,Denmark,2013,58.3
DOM-2013,DOM,Dominican Republic,2013,33.3
DZA-2013,DZA,Algeria,2013,23.1
ECU-2013,ECU,Ecuador,2013,32.8
EGY-2013,EGY,"Egypt, Arab Rep.",2013,28.5
ERI-2013,ERI,Eritrea,2013,
ESP-2013,ESP,Spain,2013,49.4
EST-2013,EST,Estonia,2013,50.6
ETH-2013,ETH,Ethiopia,2013,24.8
FIN-2013,FIN,Finland,2013,59.5
FJI-2013,FJI,Fiji,2013,30.5
FRA-2013,FRA,France,2013,52.8
FRO-2013,FRO,Faroe Islands,2013,
FSM-2013,FSM,"Micronesia, Fed. Sts.",2013,
GAB-2013,GAB,Gabon,2013,28.0
GBR-2013,GBR,United Kingdom,2013,61.2
GEO-2013,GEO,Georgia,2013,35.6
GHA-2013,GHA,Ghana,2013,30.6
GIB-2013,GIB,Gibraltar,2013,
GIN-2013,GIN,Guinea,2013,25.7
GMB-2013,GMB,"Gambia, The",2013,26.4
GNB-2013,GNB,Guinea-Bissau,2013,
GNQ-2013,GNQ,Equatorial Guinea,2013,
GRC-2013,GRC,Greece,2013,37.7
GRD-2013,GRD,Grenada,2013,
GRL-2013,GRL,Greenland,2013,
GTM-2013,GTM,Guatemala,2013,31.5
GUM-2013,GUM,Guam,2013,
GUY-2013,GUY,Guyana,2013,34.4
HND-2013,HND,Honduras,2013,28.8
HRV-2013,HRV,Croatia,2013,41.9
HTI-2013,HTI,Haiti,2013,
HUN-2013,HUN,Hungary,2013,46.9
IDN-2013,IDN,Indonesia,2013,32.0
IMN-2013,IMN,Isle of Man,2013,
IND-2013,IND,India,2013,36.2
IRL-2013,IRL,Ireland,2013,57.9
IRN-2013,IRN,"Iran, Islamic Rep.",2013,27.3
IRQ-2013,IRQ,Iraq,2013,
ISL-2013,ISL,Iceland,2013,56.4
ISR-2013,ISR,Israel,2013,56.0
ITA-2013,ITA,Italy,2013,47.8
JAM-2013,JAM,Jamaica,2013,32.9
JOR-2013,JOR,Jordan,2013,37.3
JPN-2013,JPN,Japan,2013,52.2
KAZ-2013,KAZ,Kazakhstan,2013,32.7
KEN-2013,KEN,Kenya,2013,30.3
KGZ-2013,KGZ,Kyrgyz Republic,2013,27.0
KHM-2013,KHM,Cambodia,2013,28.1
KIR-2013,KIR,Kiribati,2013,
KNA-2013,KNA,St. Kitts and Nevis,2013,
KOR-2013,KOR,"Korea, Rep.",2013,53.3
KSV-2013,KSV,Kosovo,2013,
KWT-2013,KWT,Kuwait,2013,40.0
LBN-2013,LBN,Lebanon,2013,35.5
LBR-2013,LBR,Liberia,2013,
LBY-2013,LBY,Libya,2013,
LCA-2013,LCA,St. Lucia,2013,
LIE-2013,LIE,Liechtenstein,2013,
LKA-2013,LKA,Sri Lanka,2013,30.4
LSO-2013,LSO,Lesotho,2013,26.3
LTU-2013,LTU,Lithuania,2013,41.4
LUX-2013,LUX,Luxembourg,2013,56.6
LVA-2013,LVA,Latvia,2013,45.2
MAC-2013,MAC,"Macao SAR, China",2013,
MAF-2013,MAF,St. Martin (French part),2013,
MAR-2013,MAR,Morocco,2013,30.9
MCO-2013,MCO,Monaco,2013,
MDA-2013,MDA,Moldova,2013,40.9
MDG-2013,MDG,Madagascar,2013,22.9
MDV-2013,MDV,Maldives,2013,
MEX-2013,MEX,Mexico,2013,36.8
MHL-2013,MHL,Marshall Islands,2013,
MKD-2013,MKD,"Macedonia, FYR",2013,38.2
MLI-2013,MLI,Mali,2013,28.8
MLT-2013,MLT,Malta,2013,51.8
MMR-2013,MMR,Myanmar,2013,
MNE-2013,MNE,Montenegro,2013,41.0
MNG-2013,MNG,Mongolia,2013,35.8
MNP-2013,MNP,Northern Mariana Islands,2013,
MOZ-2013,MOZ,Mozambique,2013,26.5
MRT-2013,MRT,Mauritania,2013,
MUS-2013,MUS,Mauritius,2013,38.0
MWI-2013,MWI,Malawi,2013,26.7
MYS-2013,MYS,Malaysia,2013,46.9
NAM-2013,NAM,Namibia,2013,28.4
NCL-2013,NCL,New Caledonia,2013,
NER-2013,NER,Niger,2013,24.0
NGA-2013,NGA,Nigeria,2013,26.6
NIC-2013,NIC,Nicaragua,2013,27.1
NLD-2013,NLD,Netherlands,2013,61.1
NOR-2013,NOR,Norway,2013,55.6
NPL-2013,NPL,Nepal,2013,25.0
NRU-2013,NRU,Nauru,2013,
NZL-2013,NZL,New Zealand,2013,54.5
OMN-2013,OMN,Oman,2013,33.3
PAK-2013,PAK,Pakistan,2013,23.3
PAN-2013,PAN,Panama,2013,31.8
PER-2013,PER,Peru,2013,36.0
PHL-2013,PHL,Philippines,2013,31.2
PLW-2013,PLW,Palau,2013,
PNG-2013,PNG,Papua New Guinea,2013,
POL-2013,POL,Poland,2013,40.1
PRI-2013,PRI,Puerto Rico,2013,
PRK-2013,PRK,"Korea, Dem. People’s Rep.",2013,
PRT-2013,PRT,Portugal,2013,45.1
PRY-2013,PRY,Paraguay,2013,30.3
PSE-2013,PSE,West Bank and Gaza,2013,
PYF-2013,PYF,French Polynesia,2013,
QAT-2013,QAT,Qatar,2013,41.0
ROU-2013,ROU,Romania,2013,40.3
RUS-2013,RUS,Russian Federation,2013,37.2
RWA-2013,RWA,Rwanda,2013,27.6
SAU-2013,SAU,Saudi Arabia,2013,41.2
SDN-2013,SDN,Sudan,2013,19.8
SEN-2013,SEN,Senegal,2013,30.5
SGP-2013,SGP,Singapore,2013,59.4
SLB-2013,SLB,Solomon Islands,2013,
SLE-2013,SLE,Sierra Leone,2013,
SLV-2013,SLV,El Salvador,2013,31.3
SMR-2013,SMR,San Marino,2013,
SOM-2013,SOM,Somalia,2013,
SRB-2013,SRB,Serbia,2013,37.9
SSD-2013,SSD,South Sudan,2013,
STP-2013,STP,Sao Tome and Principe,2013,
SUR-2013,SUR,Suriname,2013,
SVK-2013,SVK,Slovak Republic,2013,42.2
SVN-2013,SVN,Slovenia,2013,47.3
SWE-2013,SWE,Sweden,2013,61.4
SWZ-2013,SWZ,Swaziland,2013,29.6
SXM-2013,SXM,Sint Maarten (Dutch part),2013,
SYC-2013,SYC,Seychelles,2013,
SYR-2013,SYR,Syrian Arab Republic,2013,23.7
TCA-2013,TCA,Turks and Caicos Islands,2013,
TCD-2013,TCD,Chad,2013,
TGO-2013,TGO,Togo,2013,23.0
THA-2013,THA,Thailand,2013,37.6
TJK-2013,TJK,Tajikistan,2013,30.0
TKM-2013,TKM,Turkmenistan,2013,
TLS-2013,TLS,Timor-Leste,2013,
TON-2013,TON,Tonga,2013,
TTO-2013,TTO,Trinidad and Tobago,2013,33.2
TUN-2013,TUN,Tunisia,2013,35.8
TUR-2013,TUR,Turkey,2013,36.0
TUV-2013,TUV,Tuvalu,2013,
TZA-2013,TZA,Tanzania,2013,26.4
UGA-2013,UGA,Uganda,2013,31.2
UKR-2013,UKR,Ukraine,2013,35.8
URY-2013,URY,Uruguay,2013,38.1
USA-2013,USA,United States,2013,60.3
UZB-2013,UZB,Uzbekistan,2013,23.9
VCT-2013,VCT,St. Vincent and the Grenadines,2013,
VEN-2013,VEN,"Venezuela, RB",2013,27.3
VGB-2013,VGB,British Virgin Islands,2013,
VIR-2013,VIR,Virgin Islands (U.S.),2013,
VNM-2013,VNM,Vietnam,2013,34.8
VUT-2013,VUT,Vanuatu,2013,
WSM-2013,WSM,Samoa,2013,
YEM-2013,YEM,"Yemen, Rep.",2013,19.3
ZAF-2013,ZAF,South Africa,2013,37.6
ZMB-2013,ZMB,Zambia,2013,26.8
ZWE-2013,ZWE,Zimbabwe,2013,24.0
ABW-2014,ABW,Aruba,2014,
AFG-2014,AFG,Afghanistan,2014,
AGO-2014,AGO,Angola,2014,23.8
ALB-2014,ALB,Albania,2014,30.5
AND-2014,AND,Andorra,2014,
ARE-2014,ARE,United Arab Emirates,2014,43.2
ARG-2014,ARG,Argentina,2014,35.1
ARM-2014,ARM,Armenia,2014,36.1
ASM-2014,ASM,American Samoa,2014,
ATG-2014,ATG,Antigua and Barbuda,2014,
AUS-2014,AUS,Australia,2014,55.0
AUT-2014,AUT,Austria,2014,53.4
AZE-2014,AZE,Azerbaijan,2014,29.6
BDI-2014,BDI,Burundi,2014,22.4
BEL-2014,BEL,Belgium,2014,51.7
BEN-2014,BEN,Benin,2014,24.2
BFA-2014,BFA,Burkina Faso,2014,28.2
BGD-2014,BGD,Bangladesh,2014,24.4
BGR-2014,BGR,Bulgaria,2014,40.7
BHR-2014,BHR,Bahrain,2014,36.3
BHS-2014,BHS,"Bahamas, The",2014,
BIH-2014,BIH,Bosnia and Herzegovina,2014,32.4
BLR-2014,BLR,Belarus,2014,37.1
BLZ-2014,BLZ,Belize,2014,
BMU-2014,BMU,Bermuda,2014,
BOL-2014,BOL,Bolivia,2014,27.8
BRA-2014,BRA,Brazil,2014,36.3
BRB-2014,BRB,Barbados,2014,40.8
BRN-2014,BRN,Brunei Darussalam,2014,31.7
BTN-2014,BTN,Bhutan,2014,31.8
BWA-2014,BWA,Botswana,2014,30.9
CAF-2014,CAF,Central African Republic,2014,
CAN-2014,CAN,Canada,2014,56.1
CHE-2014,CHE,Switzerland,2014,64.8
CHI-2014,CHI,Channel Islands,2014,
CHL-2014,CHL,Chile,2014,40.6
CHN-2014,CHN,China,2014,46.6
CIV-2014,CIV,Cote d'Ivoire,2014,27.0
CMR-2014,CMR,Cameroon,2014,27.5
COD-2014,COD,"Congo, Dem. Rep.",2014,
COG-2014,COG,"Congo, Rep.",2014,
COL-2014,COL,Colombia,2014,35.5
COM-2014,COM,Comoros,2014,
CPV-2014,CPV,Cabo Verde,2014,30.1
CRI-2014,CRI,Costa Rica,2014,37.3
CUB-2014,CUB,Cuba,2014,
CUW-2014,CUW,Curacao,2014,
CYM-2014,CYM,Cayman Islands,2014,
CYP-2014,CYP,Cyprus,2014,45.8
CZE-2014,CZE,Czech Republic,2014,50.2
DEU-2014,DEU,Germany,2014,56.0
DJI-2014,DJI,Djibouti,2014,
DMA-2014,DMA,Dominica,2014,
DNK-2014,DNK,Denmark,2014,57.5
DOM-2014,DOM,Dominican Republic,2014,32.3
DZA-2014,DZA,Algeria,2014,24.2
ECU-2014,ECU,Ecuador,2014,27.5
EGY-2014,EGY,"Egypt, Arab Rep.",2014,30.0
ERI-2014,ERI,Eritrea,2014,
ESP-2014,ESP,Spain,2014,49.3
EST-2014,EST,Estonia,2014,51.5
ETH-2014,ETH,Ethiopia,2014,25.4
FIN-2014,FIN,Finland,2014,60.7
FJI-2014,FJI,Fiji,2014,30.4
FRA-2014,FRA,France,2014,52.2
FRO-2014,FRO,Faroe Islands,2014,
FSM-2014,FSM,"Micronesia, Fed. Sts.",2014,
GAB-2014,GAB,Gabon,2014,
GBR-2014,GBR,United Kingdom,2014,62.4
GEO-2014,GEO,Georgia,2014,34.5
GHA-2014,GHA,Ghana,2014,30.3
GIB-2014,GIB,Gibraltar,2014,
GIN-2014,GIN,Guinea,2014,20.2
GMB-2014,GMB,"Gambia, The",2014,29.0
GNB-2014,GNB,Guinea-Bissau,2014,
GNQ-2014,GNQ,Equatorial Guinea,2014,
GRC-2014,GRC,Greece,2014,38.9
GRD-2014,GRD,Grenada,2014,
GRL-2014,GRL,Greenland,2014,
GTM-2014,GTM,Guatemala,2014,30.8
GUM-2014,GUM,Guam,2014,
GUY-2014,GUY,Guyana,2014,32.5
HND-2014,HND,Honduras,2014,26.7
HRV-2014,HRV,Croatia,2014,40.7
HTI-2014,HTI,Haiti,2014,
HUN-2014,HUN,Hungary,2014,44.6
IDN-2014,IDN,Indonesia,2014,31.8
IMN-2014,IMN,Isle of Man,2014,
IND-2014,IND,India,2014,33.7
IRL-2014,IRL,Ireland,2014,56.7
IRN-2014,IRN,"Iran, Islamic Rep.",2014,26.1
IRQ-2014,IRQ,Iraq,2014,
ISL-2014,ISL,Iceland,2014,54.1
ISR-2014,ISR,Israel,2014,55.5
ITA-2014,ITA,Italy,2014,45.7
JAM-2014,JAM,Jamaica,2014,32.4
JOR-2014,JOR,Jordan,2014,36.2
JPN-2014,JPN,Japan,2014,52.4
KAZ-2014,KAZ,Kazakhstan,2014,32.8
KEN-2014,KEN,Kenya,2014,31.9
KGZ-2014,KGZ,Kyrgyz Republic,2014,27.8
KHM-2014,KHM,Cambodia,2014,28.7
KIR-2014,KIR,Kiribati,2014,
KNA-2014,KNA,St. Kitts and Nevis,2014,
KOR-2014,KOR,"Korea, Rep.",2014,55.3
KSV-2014,KSV,Kosovo,2014,
KWT-2014,KWT,Kuwait,2014,35.2
LBN-2014,LBN,Lebanon,2014,33.6
LBR-2014,LBR,Liberia,2014,
LBY-2014,LBY,Libya,2014,
LCA-2014,LCA,St. Lucia,2014,
LIE-2014,LIE,Liechtenstein,2014,
LKA-2014,LKA,Sri Lanka,2014,29.0
LSO-2014,LSO,Lesotho,2014,27.0
LTU-2014,LTU,Lithuania,2014,41.0
LUX-2014,LUX,Luxembourg,2014,56.9
LVA-2014,LVA,Latvia,2014,44.8
MAC-2014,MAC,"Macao SAR, China",2014,
MAF-2014,MAF,St. Martin (French part),2014,
MAR-2014,MAR,Morocco,2014,32.2
MCO-2014,MCO,Monaco,2014,
MDA-2014,MDA,Moldova,2014,40.7
MDG-2014,MDG,Madagascar,2014,25.5
MDV-2014,MDV,Maldives,2014,
MEX-2014,MEX,Mexico,2014,36.0
MHL-2014,MHL,Marshall Islands,2014,
MKD-2014,MKD,"Macedonia, FYR",2014,36.9
MLI-2014,MLI,Mali,2014,26.2
MLT-2014,MLT,Malta,2014,50.4
MMR-2014,MMR,Myanmar,2014,19.6
MNE-2014,MNE,Montenegro,2014,37.0
MNG-2014,MNG,Mongolia,2014,37.5
MNP-2014,MNP,Northern Mariana Islands,2014,
MOZ-2014,MOZ,Mozambique,2014,28.5
MRT-2014,MRT,Mauritania,2014,
MUS-2014,MUS,Mauritius,2014,40.9
MWI-2014,MWI,Malawi,2014,27.6
MYS-2014,MYS,Malaysia,2014,45.6
NAM-2014,NAM,Namibia,2014,28.5
NCL-2014,NCL,New Caledonia,2014,
NER-2014,NER,Niger,2014,24.3
NGA-2014,NGA,Nigeria,2014,27.8
NIC-2014,NIC,Nicaragua,2014,25.5
NLD-2014,NLD,Netherlands,2014,60.6
NOR-2014,NOR,Norway,2014,55.6
NPL-2014,NPL,Nepal,2014,23.8
NRU-2014,NRU,Nauru,2014,
NZL-2014,NZL,New Zealand,2014,54.5
OMN-2014,OMN,Oman,2014,33.9
PAK-2014,PAK,Pakistan,2014,24.0
PAN-2014,PAN,Panama,2014,38.3
PER-2014,PER,Peru,2014,34.7
PHL-2014,PHL,Philippines,2014,29.9
PLW-2014,PLW,Palau,2014,
PNG-2014,PNG,Papua New Guinea,2014,
POL-2014,POL,Poland,2014,40.6
PRI-2014,PRI,Puerto Rico,2014,
PRK-2014,PRK,"Korea, Dem. People’s Rep.",2014,
PRT-2014,PRT,Portugal,2014,45.6
PRY-2014,PRY,Paraguay,2014,31.6
PSE-2014,PSE,West Bank and Gaza,2014,
PYF-2014,PYF,French Polynesia,2014,
QAT-2014,QAT,Qatar,2014,40.3
ROU-2014,ROU,Romania,2014,38.1
RUS-2014,RUS,Russian Federation,2014,39.1
RWA-2014,RWA,Rwanda,2014,29.3
SAU-2014,SAU,Saudi Arabia,2014,41.6
SDN-2014,SDN,Sudan,2014,12.7
SEN-2014,SEN,Senegal,2014,30.1
SGP-2014,SGP,Singapore,2014,59.2
SLB-2014,SLB,Solomon Islands,2014,
SLE-2014,SLE,Sierra Leone,2014,
SLV-2014,SLV,El Salvador,2014,29.1
SMR-2014,SMR,San Marino,2014,
SOM-2014,SOM,Somalia,2014,
SRB-2014,SRB,Serbia,2014,35.9
SSD-2014,SSD,South Sudan,2014,
STP-2014,STP,Sao Tome and Principe,2014,
SUR-2014,SUR,Suriname,2014,
SVK-2014,SVK,Slovak Republic,2014,41.9
SVN-2014,SVN,Slovenia,2014,47.2
SWE-2014,SWE,Sweden,2014,62.3
SWZ-2014,SWZ,Swaziland,2014,25.3
SXM-2014,SXM,Sint Maarten (Dutch part),2014,
SYC-2014,SYC,Seychelles,2014,38.6
SYR-2014,SYR,Syrian Arab Republic,2014,
TCA-2014,TCA,Turks and Caicos Islands,2014,
TCD-2014,TCD,Chad,2014,
TGO-2014,TGO,Togo,2014,17.6
THA-2014,THA,Thailand,2014,39.3
TJK-2014,TJK,Tajikistan,2014,23.7
TKM-2014,TKM,Turkmenistan,2014,
TLS-2014,TLS,Timor-Leste,2014,
TON-2014,TON,Tonga,2014,
TTO-2014,TTO,Trinidad and Tobago,2014,31.6
TUN-2014,TUN,Tunisia,2014,32.9
TUR-2014,TUR,Turkey,2014,38.2
TUV-2014,TUV,Tuvalu,2014,
TZA-2014,TZA,Tanzania,2014,25.6
UGA-2014,UGA,Uganda,2014,31.1
UKR-2014,UKR,Ukraine,2014,36.3
URY-2014,URY,Uruguay,2014,34.8
USA-2014,USA,United States,2014,60.1
UZB-2014,UZB,Uzbekistan,2014,25.2
VCT-2014,VCT,St. Vincent and the Grenadines,2014,
VEN-2014,VEN,"Venezuela, RB",2014,25.7
VGB-2014,VGB,British Virgin Islands,2014,
VIR-2014,VIR,Virgin Islands (U.S.),2014,
VNM-2014,VNM,Vietnam,2014,34.9
VUT-2014,VUT,Vanuatu,2014,
WSM-2014,WSM,Samoa,2014,
YEM-2014,YEM,"Yemen, Rep.",2014,19.5
ZAF-2014,ZAF,South Africa,2014,38.2
ZMB-2014,ZMB,Zambia,2014,25.8
ZWE-2014,ZWE,Zimbabwe,2014,24.3
ABW-2015,ABW,Aruba,2015,10.6
AFG-2015,AFG,Afghanistan,2015,10.6
AGO-2015,AGO,Angola,2015,26.2
ALB-2015,ALB,Albania,2015,30.7
AND-2015,AND,Andorra,2015,10.6
ARE-2015,ARE,United Arab Emirates,2015,40.1
ARG-2015,ARG,Argentina,2015,34.3
ARM-2015,ARM,Armenia,2015,37.3
ASM-2015,ASM,American Samoa,2015,10.6
ATG-2015,ATG,Antigua and Barbuda,2015,10.6
AUS-2015,AUS,Australia,2015,55.2
AUT-2015,AUT,Austria,2015,54.1
AZE-2015,AZE,Azerbaijan,2015,30.1
BDI-2015,BDI,Burundi,2015,21.0
BEL-2015,BEL,Belgium,2015,50.9
BEN-2015,BEN,Benin,2015,
BFA-2015,BFA,Burkina Faso,2015,28.7
BGD-2015,BGD,Bangladesh,2015,23.7
BGR-2015,BGR,Bulgaria,2015,42.2
BHR-2015,BHR,Bahrain,2015,37.7
BHS-2015,BHS,"Bahamas, The",2015,10.6
BIH-2015,BIH,Bosnia and Herzegovina,2015,32.3
BLR-2015,BLR,Belarus,2015,38.2
BLZ-2015,BLZ,Belize,2015,10.6
BMU-2015,BMU,Bermuda,2015,10.6
BOL-2015,BOL,Bolivia,2015,28.6
BRA-2015,BRA,Brazil,2015,34.9
BRB-2015,BRB,Barbados,2015,42.5
BRN-2015,BRN,Brunei Darussalam,2015,
BTN-2015,BTN,Bhutan,2015,26.1
BWA-2015,BWA,Botswana,2015,30.5
CAF-2015,CAF,Central African Republic,2015,10.6
CAN-2015,CAN,Canada,2015,55.7
CHE-2015,CHE,Switzerland,2015,68.3
CHI-2015,CHI,Channel Islands,2015,10.6
CHL-2015,CHL,Chile,2015,41.2
CHN-2015,CHN,China,2015,47.5
CIV-2015,CIV,Cote d'Ivoire,2015,27.2
CMR-2015,CMR,Cameroon,2015,27.8
COD-2015,COD,"Congo, Dem. Rep.",2015,10.6
COG-2015,COG,"Congo, Rep.",2015,10.6
COL-2015,COL,Colombia,2015,36.4
COM-2015,COM,Comoros,2015,10.6
CPV-2015,CPV,Cabo Verde,2015,28.6
CRI-2015,CRI,Costa Rica,2015,38.6
CUB-2015,CUB,Cuba,2015,10.6
CUW-2015,CUW,Curacao,2015,10.6
CYM-2015,CYM,Cayman Islands,2015,10.6
CYP-2015,CYP,Cyprus,2015,43.5
CZE-2015,CZE,Czech Republic,2015,51.3
DEU-2015,DEU,Germany,2015,57.1
DJI-2015,DJI,Djibouti,2015,10.6
DMA-2015,DMA,Dominica,2015,10.6
DNK-2015,DNK,Denmark,2015,57.7
DOM-2015,DOM,Dominican Republic,2015,30.6
DZA-2015,DZA,Algeria,2015,24.4
ECU-2015,ECU,Ecuador,2015,26.9
EGY-2015,EGY,"Egypt, Arab Rep.",2015,28.9
ERI-2015,ERI,Eritrea,2015,10.6
ESP-2015,ESP,Spain,2015,49.1
EST-2015,EST,Estonia,2015,52.8
ETH-2015,ETH,Ethiopia,2015,24.2
FIN-2015,FIN,Finland,2015,60.0
FJI-2015,FJI,Fiji,2015,27.3
FRA-2015,FRA,France,2015,53.6
FRO-2015,FRO,Faroe Islands,2015,10.6
FSM-2015,FSM,"Micronesia, Fed. Sts.",2015,10.6
GAB-2015,GAB,Gabon,2015,10.6
GBR-2015,GBR,United Kingdom,2015,62.4
GEO-2015,GEO,Georgia,2015,33.8
GHA-2015,GHA,Ghana,2015,28.0
GIB-2015,GIB,Gibraltar,2015,10.6
GIN-2015,GIN,Guinea,2015,18.5
GMB-2015,GMB,"Gambia, The",2015,27.5
GNB-2015,GNB,Guinea-Bissau,2015,10.6
GNQ-2015,GNQ,Equatorial Guinea,2015,10.6
GRC-2015,GRC,Greece,2015,40.3
GRD-2015,GRD,Grenada,2015,10.6
GRL-2015,GRL,Greenland,2015,10.6
GTM-2015,GTM,Guatemala,2015,28.8
GUM-2015,GUM,Guam,2015,10.6
GUY-2015,GUY,Guyana,2015,30.7
HND-2015,HND,Honduras,2015,27.5
HRV-2015,HRV,Croatia,2015,41.7
HTI-2015,HTI,Haiti,2015,10.6
HUN-2015,HUN,Hungary,2015,43.0
IDN-2015,IDN,Indonesia,2015,29.8
IMN-2015,IMN,Isle of Man,2015,10.6
IND-2015,IND,India,2015,31.7
IRL-2015,IRL,Ireland,2015,59.1
IRN-2015,IRN,"Iran, Islamic Rep.",2015,28.4
IRQ-2015,IRQ,Iraq,2015,10.6
ISL-2015,ISL,Iceland,2015,57.0
ISR-2015,ISR,Israel,2015,53.5
ITA-2015,ITA,Italy,2015,46.4
JAM-2015,JAM,Jamaica,2015,29.9
JOR-2015,JOR,Jordan,2015,33.8
JPN-2015,JPN,Japan,2015,54.0
KAZ-2015,KAZ,Kazakhstan,2015,31.2
KEN-2015,KEN,Kenya,2015,30.2
KGZ-2015,KGZ,Kyrgyz Republic,2015,28.0
KHM-2015,KHM,Cambodia,2015,30.4
KIR-2015,KIR,Kiribati,2015,10.6
KNA-2015,KNA,St. Kitts and Nevis,2015,10.6
KOR-2015,KOR,"Korea, Rep.",2015,56.3
KSV-2015,KSV,Kosovo,2015,10.6
KWT-2015,KWT,Kuwait,2015,33.2
LBN-2015,LBN,Lebanon,2015,33.8
LBR-2015,LBR,Liberia,2015,10.6
LBY-2015,LBY,Libya,2015,10.6
LCA-2015,LCA,St. Lucia,2015,10.6
LIE-2015,LIE,Liechtenstein,2015,10.6
LKA-2015,LKA,Sri Lanka,2015,30.8
LSO-2015,LSO,Lesotho,2015,27.0
LTU-2015,LTU,Lithuania,2015,42.3
LUX-2015,LUX,Luxembourg,2015,59.0
LVA-2015,LVA,Latvia,2015,45.5
MAC-2015,MAC,"Macao SAR, China",2015,10.6
MAF-2015,MAF,St. Martin (French part),2015,10.6
MAR-2015,MAR,Morocco,2015,33.2
MCO-2015,MCO,Monaco,2015,10.6
MDA-2015,MDA,Moldova,2015,40.5
MDG-2015,MDG,Madagascar,2015,24.4
MDV-2015,MDV,Maldives,2015,10.6
MEX-2015,MEX,Mexico,2015,38.0
MHL-2015,MHL,Marshall Islands,2015,10.6
MKD-2015,MKD,"Macedonia, FYR",2015,38.0
MLI-2015,MLI,Mali,2015,28.4
MLT-2015,MLT,Malta,2015,50.5
MMR-2015,MMR,Myanmar,2015,20.3
MNE-2015,MNE,Montenegro,2015,41.2
MNG-2015,MNG,Mongolia,2015,36.4
MNP-2015,MNP,Northern Mariana Islands,2015,10.6
MOZ-2015,MOZ,Mozambique,2015,30.1
MRT-2015,MRT,Mauritania,2015,10.6
MUS-2015,MUS,Mauritius,2015,39.2
MWI-2015,MWI,Malawi,2015,29.7
MYS-2015,MYS,Malaysia,2015,46.0
NAM-2015,NAM,Namibia,2015,28.1
NCL-2015,NCL,New Caledonia,2015,10.6
NER-2015,NER,Niger,2015,21.2
NGA-2015,NGA,Nigeria,2015,23.7
NIC-2015,NIC,Nicaragua,2015,23.5
NLD-2015,NLD,Netherlands,2015,61.6
NOR-2015,NOR,Norway,2015,53.8
NPL-2015,NPL,Nepal,2015,21.1
NRU-2015,NRU,Nauru,2015,10.6
NZL-2015,NZL,New Zealand,2015,55.9
OMN-2015,OMN,Oman,2015,35.0
PAK-2015,PAK,Pakistan,2015,23.1
PAN-2015,PAN,Panama,2015,36.8
PER-2015,PER,Peru,2015,34.9
PHL-2015,PHL,Philippines,2015,31.1
PLW-2015,PLW,Palau,2015,10.6
PNG-2015,PNG,Papua New Guinea,2015,10.6
POL-2015,POL,Poland,2015,40.2
PRI-2015,PRI,Puerto Rico,2015,10.6
PRK-2015,PRK,"Korea, Dem. People’s Rep.",2015,10.6
PRT-2015,PRT,Portugal,2015,46.6
PRY-2015,PRY,Paraguay,2015,30.7
PSE-2015,PSE,West Bank and Gaza,2015,10.6
PYF-2015,PYF,French Polynesia,2015,10.6
QAT-2015,QAT,Qatar,2015,39.0
ROU-2015,ROU,Romania,2015,38.2
RUS-2015,RUS,Russian Federation,2015,39.3
RWA-2015,RWA,Rwanda,2015,30.1
SAU-2015,SAU,Saudi Arabia,2015,40.7
SDN-2015,SDN,Sudan,2015,10.6
SEN-2015,SEN,Senegal,2015,31.0
SGP-2015,SGP,Singapore,2015,59.4
SLB-2015,SLB,Solomon Islands,2015,10.6
SLE-2015,SLE,Sierra Leone,2015,10.6
SLV-2015,SLV,El Salvador,2015,29.3
SMR-2015,SMR,San Marino,2015,10.6
SOM-2015,SOM,Somalia,2015,10.6
SRB-2015,SRB,Serbia,2015,36.5
SSD-2015,SSD,South Sudan,2015,10.6
STP-2015,STP,Sao Tome and Principe,2015,10.6
SUR-2015,SUR,Suriname,2015,10.6
SVK-2015,SVK,Slovak Republic,2015,43.0
SVN-2015,SVN,Slovenia,2015,48.5
SWE-2015,SWE,Sweden,2015,62.4
SWZ-2015,SWZ,Swaziland,2015,25.4
SXM-2015,SXM,Sint Maarten (Dutch part),2015,10.6
SYC-2015,SYC,Seychelles,2015,36.4
SYR-2015,SYR,Syrian Arab Republic,2015,10.6
TCA-2015,TCA,Turks and Caicos Islands,2015,10.6
TCD-2015,TCD,Chad,2015,10.6
TGO-2015,TGO,Togo,2015,18.4
THA-2015,THA,Thailand,2015,38.1
TJK-2015,TJK,Tajikistan,2015,27.5
TKM-2015,TKM,Turkmenistan,2015,10.6
TLS-2015,TLS,Timor-Leste,2015,10.6
TON-2015,TON,Tonga,2015,10.6
TTO-2015,TTO,Trinidad and Tobago,2015,32.2
TUN-2015,TUN,Tunisia,2015,33.5
TUR-2015,TUR,Turkey,2015,37.8
TUV-2015,TUV,Tuvalu,2015,10.6
TZA-2015,TZA,Tanzania,2015,27.0
UGA-2015,UGA,Uganda,2015,27.6
UKR-2015,UKR,Ukraine,2015,36.5
URY-2015,URY,Uruguay,2015,35.8
USA-2015,USA,United States,2015,60.1
UZB-2015,UZB,Uzbekistan,2015,25.9
VCT-2015,VCT,St. Vincent and the Grenadines,2015,10.6
VEN-2015,VEN,"Venezuela, RB",2015,22.8
VGB-2015,VGB,British Virgin Islands,2015,10.6
VIR-2015,VIR,Virgin Islands (U.S.),2015,10.6
VNM-2015,VNM,Vietnam,2015,38.3
VUT-2015,VUT,Vanuatu,2015,10.6
WSM-2015,WSM,Samoa,2015,10.6
YEM-2015,YEM,"Yemen, Rep.",2015,20.8
ZAF-2015,ZAF,South Africa,2015,37.4
ZMB-2015,ZMB,Zambia,2015,24.6
ZWE-2015,ZWE,Zimbabwe,2015,22.5
ABW-2016,ABW,Aruba,2016,6.0
AFG-2016,AFG,Afghanistan,2016,6.0
AGO-2016,AGO,Angola,2016,
ALB-2016,ALB,Albania,2016,28.4
AND-2016,AND,Andorra,2016,6.0
ARE-2016,ARE,United Arab Emirates,2016,39.4
ARG-2016,ARG,Argentina,2016,30.2
ARM-2016,ARM,Armenia,2016,35.1
ASM-2016,ASM,American Samoa,2016,6.0
ATG-2016,ATG,Antigua and Barbuda,2016,6.0
AUS-2016,AUS,Australia,2016,53.1
AUT-2016,AUT,Austria,2016,52.6
AZE-2016,AZE,Azerbaijan,2016,29.6
BDI-2016,BDI,Burundi,2016,20.9
BEL-2016,BEL,Belgium,2016,52.0
BEN-2016,BEN,Benin,2016,22.2
BFA-2016,BFA,Burkina Faso,2016,21.0
BGD-2016,BGD,Bangladesh,2016,22.9
BGR-2016,BGR,Bulgaria,2016,41.4
BHR-2016,BHR,Bahrain,2016,35.5
BHS-2016,BHS,"Bahamas, The",2016,6.0
BIH-2016,BIH,Bosnia and Herzegovina,2016,29.6
BLR-2016,BLR,Belarus,2016,30.4
BLZ-2016,BLZ,Belize,2016,
BMU-2016,BMU,Bermuda,2016,6.0
BOL-2016,BOL,Bolivia,2016,25.2
BRA-2016,BRA,Brazil,2016,33.2
BRB-2016,BRB,Barbados,2016,
BRN-2016,BRN,Brunei Darussalam,2016,
BTN-2016,BTN,Bhutan,2016,27.9
BWA-2016,BWA,Botswana,2016,29.0
CAF-2016,CAF,Central African Republic,2016,6.0
CAN-2016,CAN,Canada,2016,54.7
CHE-2016,CHE,Switzerland,2016,66.3
CHI-2016,CHI,Channel Islands,2016,6.0
CHL-2016,CHL,Chile,2016,38.4
CHN-2016,CHN,China,2016,50.6
CIV-2016,CIV,Cote d'Ivoire,2016,25.8
CMR-2016,CMR,Cameroon,2016,22.8
COD-2016,COD,"Congo, Dem. Rep.",2016,
COG-2016,COG,"Congo, Rep.",2016,6.0
COL-2016,COL,Colombia,2016,34.2
COM-2016,COM,Comoros,2016,6.0
CPV-2016,CPV,Cabo Verde,2016,
CRI-2016,CRI,Costa Rica,2016,38.4
CUB-2016,CUB,Cuba,2016,6.0
CUW-2016,CUW,Curacao,2016,6.0
CYM-2016,CYM,Cayman Islands,2016,6.0
CYP-2016,CYP,Cyprus,2016,46.3
CZE-2016,CZE,Czech Republic,2016,49.4
DEU-2016,DEU,Germany,2016,57.9
DJI-2016,DJI,Djibouti,2016,6.0
DMA-2016,DMA,Dominica,2016,6.0
DNK-2016,DNK,Denmark,2016,58.5
DOM-2016,DOM,Dominican Republic,2016,30.6
DZA-2016,DZA,Algeria,2016,24.5
ECU-2016,ECU,Ecuador,2016,27.1
EGY-2016,EGY,"Egypt, Arab Rep.",2016,26.0
ERI-2016,ERI,Eritrea,2016,6.0
ESP-2016,ESP,Spain,2016,49.2
EST-2016,EST,Estonia,2016,51.7
ETH-2016,ETH,Ethiopia,2016,24.8
FIN-2016,FIN,Finland,2016,59.9
FJI-2016,FJI,Fiji,2016,
FRA-2016,FRA,France,2016,54.0
FRO-2016,FRO,Faroe Islands,2016,6.0
FSM-2016,FSM,"Micronesia, Fed. Sts.",2016,6.0
GAB-2016,GAB,Gabon,2016,
GBR-2016,GBR,United Kingdom,2016,61.9
GEO-2016,GEO,Georgia,2016,33.9
GHA-2016,GHA,Ghana,2016,26.7
GIB-2016,GIB,Gibraltar,2016,6.0
GIN-2016,GIN,Guinea,2016,17.2
GMB-2016,GMB,"Gambia, The",2016,
GNB-2016,GNB,Guinea-Bissau,2016,6.0
GNQ-2016,GNQ,Equatorial Guinea,2016,6.0
GRC-2016,GRC,Greece,2016,39.8
GRD-2016,GRD,Grenada,2016,6.0
GRL-2016,GRL,Greenland,2016,6.0
GTM-2016,GTM,Guatemala,2016,27.3
GUM-2016,GUM,Guam,2016,6.0
GUY-2016,GUY,Guyana,2016,
HND-2016,HND,Honduras,2016,26.9
HRV-2016,HRV,Croatia,2016,38.3
HTI-2016,HTI,Haiti,2016,6.0
HUN-2016,HUN,Hungary,2016,44.7
IDN-2016,IDN,Indonesia,2016,29.1
IMN-2016,IMN,Isle of Man,2016,6.0
IND-2016,IND,India,2016,33.6
IRL-2016,IRL,Ireland,2016,59.0
IRN-2016,IRN,"Iran, Islamic Rep.",2016,30.5
IRQ-2016,IRQ,Iraq,2016,
ISL-2016,ISL,Iceland,2016,56.0
ISR-2016,ISR,Israel,2016,52.3
ITA-2016,ITA,Italy,2016,47.2
JAM-2016,JAM,Jamaica,2016,29.0
JOR-2016,JOR,Jordan,2016,30.0
JPN-2016,JPN,Japan,2016,54.5
KAZ-2016,KAZ,Kazakhstan,2016,31.5
KEN-2016,KEN,Kenya,2016,30.4
KGZ-2016,KGZ,Kyrgyz Republic,2016,26.6
KHM-2016,KHM,Cambodia,2016,27.9
KIR-2016,KIR,Kiribati,2016,6.0
KNA-2016,KNA,St. Kitts and Nevis,2016,6.0
KOR-2016,KOR,"Korea, Rep.",2016,57.1
KSV-2016,KSV,Kosovo,2016,6.0
KWT-2016,KWT,Kuwait,2016,33.6
LBN-2016,LBN,Lebanon,2016,32.7
LBR-2016,LBR,Liberia,2016,6.0
LBY-2016,LBY,Libya,2016,6.0
LCA-2016,LCA,St. Lucia,2016,6.0
LIE-2016,LIE,Liechtenstein,2016,6.0
LKA-2016,LKA,Sri Lanka,2016,28.9
LSO-2016,LSO,Lesotho,2016,
LTU-2016,LTU,Lithuania,2016,41.8
LUX-2016,LUX,Luxembourg,2016,57.1
LVA-2016,LVA,Latvia,2016,44.3
MAC-2016,MAC,"Macao SAR, China",2016,6.0
MAF-2016,MAF,St. Martin (French part),2016,6.0
MAR-2016,MAR,Morocco,2016,32.3
MCO-2016,MCO,Monaco,2016,6.0
MDA-2016,MDA,Moldova,2016,38.4
MDG-2016,MDG,Madagascar,2016,24.8
MDV-2016,MDV,Maldives,2016,6.0
MEX-2016,MEX,Mexico,2016,34.6
MHL-2016,MHL,Marshall Islands,2016,6.0
MKD-2016,MKD,"Macedonia, FYR",2016,35.4
MLI-2016,MLI,Mali,2016,24.8
MLT-2016,MLT,Malta,2016,50.4
MMR-2016,MMR,Myanmar,2016,
MNE-2016,MNE,Montenegro,2016,37.4
MNG-2016,MNG,Mongolia,2016,35.7
MNP-2016,MNP,Northern Mariana Islands,2016,6.0
MOZ-2016,MOZ,Mozambique,2016,29.8
MRT-2016,MRT,Mauritania,2016,6.0
MUS-2016,MUS,Mauritius,2016,35.9
MWI-2016,MWI,Malawi,2016,27.3
MYS-2016,MYS,Malaysia,2016,43.4
NAM-2016,NAM,Namibia,2016,28.2
NCL-2016,NCL,New Caledonia,2016,6.0
NER-2016,NER,Niger,2016,20.4
NGA-2016,NGA,Nigeria,2016,23.1
NIC-2016,NIC,Nicaragua,2016,23.1
NLD-2016,NLD,Netherlands,2016,58.3
NOR-2016,NOR,Norway,2016,52.0
NPL-2016,NPL,Nepal,2016,23.1
NRU-2016,NRU,Nauru,2016,6.0
NZL-2016,NZL,New Zealand,2016,54.2
OMN-2016,OMN,Oman,2016,32.2
PAK-2016,PAK,Pakistan,2016,22.6
PAN-2016,PAN,Panama,2016,33.5
PER-2016,PER,Peru,2016,32.5
PHL-2016,PHL,Philippines,2016,31.8
PLW-2016,PLW,Palau,2016,6.0
PNG-2016,PNG,Papua New Guinea,2016,6.0
POL-2016,POL,Poland,2016,40.2
PRI-2016,PRI,Puerto Rico,2016,6.0
PRK-2016,PRK,"Korea, Dem. People’s Rep.",2016,6.0
PRT-2016,PRT,Portugal,2016,46.4
PRY-2016,PRY,Paraguay,2016,28.2
PSE-2016,PSE,West Bank and Gaza,2016,6.0
PYF-2016,PYF,French Polynesia,2016,6.0
QAT-2016,QAT,Qatar,2016,37.5
ROU-2016,ROU,Romania,2016,37.9
RUS-2016,RUS,Russian Federation,2016,38.5
RWA-2016,RWA,Rwanda,2016,30.0
SAU-2016,SAU,Saudi Arabia,2016,37.8
SDN-2016,SDN,Sudan,2016,6.0
SEN-2016,SEN,Senegal,2016,26.1
SGP-2016,SGP,Singapore,2016,59.2
SLB-2016,SLB,Solomon Islands,2016,6.0
SLE-2016,SLE,Sierra Leone,2016,6.0
SLV-2016,SLV,El Salvador,2016,26.6
SMR-2016,SMR,San Marino,2016,6.0
SOM-2016,SOM,Somalia,2016,6.0
SRB-2016,SRB,Serbia,2016,33.8
SSD-2016,SSD,South Sudan,2016,6.0
STP-2016,STP,Sao Tome and Principe,2016,6.0
SUR-2016,SUR,Suriname,2016,6.0
SVK-2016,SVK,Slovak Republic,2016,41.7
SVN-2016,SVN,Slovenia,2016,46.0
SWE-2016,SWE,Sweden,2016,63.6
SWZ-2016,SWZ,Swaziland,2016,
SXM-2016,SXM,Sint Maarten (Dutch part),2016,6.0
SYC-2016,SYC,Seychelles,2016,
SYR-2016,SYR,Syrian Arab Republic,2016,
TCA-2016,TCA,Turks and Caicos Islands,2016,6.0
TCD-2016,TCD,Chad,2016,6.0
TGO-2016,TGO,Togo,2016,18.4
THA-2016,THA,Thailand,2016,36.5
TJK-2016,TJK,Tajikistan,2016,29.6
TKM-2016,TKM,Turkmenistan,2016,6.0
TLS-2016,TLS,Timor-Leste,2016,6.0
TON-2016,TON,Tonga,2016,6.0
TTO-2016,TTO,Trinidad and Tobago,2016,
TUN-2016,TUN,Tunisia,2016,30.6
TUR-2016,TUR,Turkey,2016,39.0
TUV-2016,TUV,Tuvalu,2016,6.0
TZA-2016,TZA,Tanzania,2016,26.4
UGA-2016,UGA,Uganda,2016,27.1
UKR-2016,UKR,Ukraine,2016,35.7
URY-2016,URY,Uruguay,2016,34.3
USA-2016,USA,United States,2016,61.4
UZB-2016,UZB,Uzbekistan,2016,
VCT-2016,VCT,St. Vincent and the Grenadines,2016,6.0
VEN-2016,VEN,"Venezuela, RB",2016,22.3
VGB-2016,VGB,British Virgin Islands,2016,6.0
VIR-2016,VIR,Virgin Islands (U.S.),2016,6.0
VNM-2016,VNM,Vietnam,2016,35.4
VUT-2016,VUT,Vanuatu,2016,6.0
WSM-2016,WSM,Samoa,2016,6.0
YEM-2016,YEM,"Yemen, Rep.",2016,14.6
ZAF-2016,ZAF,South Africa,2016,35.8
ZMB-2016,ZMB,Zambia,2016,19.9
ZWE-2016,ZWE,Zimbabwe,2016,
ABW-2017,ABW,Aruba,2017,
AFG-2017,AFG,Afghanistan,2017,
AGO-2017,AGO,Angola,2017,
ALB-2017,ALB,Albania,2017,28.9
AND-2017,AND,Andorra,2017,
ARE-2017,ARE,United Arab Emirates,2017,43.2
ARG-2017,ARG,Argentina,2017,32.0
ARM-2017,ARM,Armenia,2017,35.7
ASM-2017,ASM,American Samoa,2017,
ATG-2017,ATG,Antigua and Barbuda,2017,
AUS-2017,AUS,Australia,2017,51.8
AUT-2017,AUT,Austria,2017,53.1
AZE-2017,AZE,Azerbaijan,2017,30.6
BDI-2017,BDI,Burundi,2017,21.3
BEL-2017,BEL,Belgium,2017,49.9
BEN-2017,BEN,Benin,2017,23.0
BFA-2017,BFA,Burkina Faso,2017,21.9
BGD-2017,BGD,Bangladesh,2017,23.7
BGR-2017,BGR,Bulgaria,2017,42.8
BHR-2017,BHR,Bahrain,2017,34.7
BHS-2017,BHS,"Bahamas, The",2017,
BIH-2017,BIH,Bosnia and Herzegovina,2017,30.2
BLR-2017,BLR,Belarus,2017,30.0
BLZ-2017,BLZ,Belize,2017,
BMU-2017,BMU,Bermuda,2017,
BOL-2017,BOL,Bolivia,2017,25.6
BRA-2017,BRA,Brazil,2017,33.1
BRB-2017,BRB,Barbados,2017,
BRN-2017,BRN,Brunei Darussalam,2017,32.9
BTN-2017,BTN,Bhutan,2017,
BWA-2017,BWA,Botswana,2017,30.0
CAF-2017,CAF,Central African Republic,2017,
CAN-2017,CAN,Canada,2017,53.7
CHE-2017,CHE,Switzerland,2017,67.7
CHI-2017,CHI,Channel Islands,2017,
CHL-2017,CHL,Chile,2017,38.7
CHN-2017,CHN,China,2017,52.5
CIV-2017,CIV,Cote d'Ivoire,2017,24.0
CMR-2017,CMR,Cameroon,2017,22.6
COD-2017,COD,"Congo, Dem. Rep.",2017,
COG-2017,COG,"Congo, Rep.",2017,
COL-2017,COL,Colombia,2017,34.8
COM-2017,COM,Comoros,2017,
CPV-2017,CPV,Cabo Verde,2017,
CRI-2017,CRI,Costa Rica,2017,37.1
CUB-2017,CUB,Cuba,2017,
CUW-2017,CUW,Curacao,2017,
CYM-2017,CYM,Cayman Islands,2017,
CYP-2017,CYP,Cyprus,2017,46.8
CZE-2017,CZE,Czech Republic,2017,51.0
DEU-2017,DEU,Germany,2017,58.4
DJI-2017,DJI,Djibouti,2017,
DMA-2017,DMA,Dominica,2017,
DNK-2017,DNK,Denmark,2017,58.7
DOM-2017,DOM,Dominican Republic,2017,31.2
DZA-2017,DZA,Algeria,2017,24.3
ECU-2017,ECU,Ecuador,2017,29.1
EGY-2017,EGY,"Egypt, Arab Rep.",2017,26.0
ERI-2017,ERI,Eritrea,2017,
ESP-2017,ESP,Spain,2017,48.8
EST-2017,EST,Estonia,2017,50.9
ETH-2017,ETH,Ethiopia,2017,24.2
FIN-2017,FIN,Finland,2017,58.5
FJI-2017,FJI,Fiji,2017,
FRA-2017,FRA,France,2017,54.2
FRO-2017,FRO,Faroe Islands,2017,
FSM-2017,FSM,"Micronesia, Fed. Sts.",2017,
GAB-2017,GAB,Gabon,2017,
GBR-2017,GBR,United Kingdom,2017,60.9
GEO-2017,GEO,Georgia,2017,34.4
GHA-2017,GHA,Ghana,2017,
GIB-2017,GIB,Gibraltar,2017,
GIN-2017,GIN,Guinea,2017,17.4
GMB-2017,GMB,"Gambia, The",2017,
GNB-2017,GNB,Guinea-Bissau,2017,
GNQ-2017,GNQ,Equatorial Guinea,2017,
GRC-2017,GRC,Greece,2017,38.8
GRD-2017,GRD,Grenada,2017,
GRL-2017,GRL,Greenland,2017,
GTM-2017,GTM,Guatemala,2017,27.9
GUM-2017,GUM,Guam,2017,
GUY-2017,GUY,Guyana,2017,
HND-2017,HND,Honduras,2017,26.4
HRV-2017,HRV,Croatia,2017,39.8
HTI-2017,HTI,Haiti,2017,
HUN-2017,HUN,Hungary,2017,41.7
IDN-2017,IDN,Indonesia,2017,30.1
IMN-2017,IMN,Isle of Man,2017,
IND-2017,IND,India,2017,35.5
IRL-2017,IRL,Ireland,2017,58.1
IRN-2017,IRN,"Iran, Islamic Rep.",2017,32.1
IRQ-2017,IRQ,Iraq,2017,
ISL-2017,ISL,Iceland,2017,55.8
ISR-2017,ISR,Israel,2017,53.9
ITA-2017,ITA,Italy,2017,47.0
JAM-2017,JAM,Jamaica,2017,30.4
JOR-2017,JOR,Jordan,2017,30.5
JPN-2017,JPN,Japan,2017,54.7
KAZ-2017,KAZ,Kazakhstan,2017,31.5
KEN-2017,KEN,Kenya,2017,31.0
KGZ-2017,KGZ,Kyrgyz Republic,2017,28.0
KHM-2017,KHM,Cambodia,2017,27.0
KIR-2017,KIR,Kiribati,2017,
KNA-2017,KNA,St. Kitts and Nevis,2017,
KOR-2017,KOR,"Korea, Rep.",2017,57.7
KSV-2017,KSV,Kosovo,2017,
KWT-2017,KWT,Kuwait,2017,36.1
LBN-2017,LBN,Lebanon,2017,30.6
LBR-2017,LBR,Liberia,2017,
LBY-2017,LBY,Libya,2017,
LCA-2017,LCA,St. Lucia,2017,
LIE-2017,LIE,Liechtenstein,2017,
LKA-2017,LKA,Sri Lanka,2017,29.9
LSO-2017,LSO,Lesotho,2017,
LTU-2017,LTU,Lithuania,2017,41.2
LUX-2017,LUX,Luxembourg,2017,56.4
LVA-2017,LVA,Latvia,2017,44.6
MAC-2017,MAC,"Macao SAR, China",2017,
MAF-2017,MAF,St. Martin (French part),2017,
MAR-2017,MAR,Morocco,2017,32.7
MCO-2017,MCO,Monaco,2017,
MDA-2017,MDA,Moldova,2017,36.8
MDG-2017,MDG,Madagascar,2017,24.2
MDV-2017,MDV,Maldives,2017,
MEX-2017,MEX,Mexico,2017,35.8
MHL-2017,MHL,Marshall Islands,2017,
MKD-2017,MKD,"Macedonia, FYR",2017,35.4
MLI-2017,MLI,Mali,2017,22.5
MLT-2017,MLT,Malta,2017,50.6
MMR-2017,MMR,Myanmar,2017,
MNE-2017,MNE,Montenegro,2017,38.1
MNG-2017,MNG,Mongolia,2017,37.1
MNP-2017,MNP,Northern Mariana Islands,2017,
MOZ-2017,MOZ,Mozambique,2017,24.5
MRT-2017,MRT,Mauritania,2017,
MUS-2017,MUS,Mauritius,2017,34.8
MWI-2017,MWI,Malawi,2017,23.5
MYS-2017,MYS,Malaysia,2017,42.7
NAM-2017,NAM,Namibia,2017,27.9
NCL-2017,NCL,New Caledonia,2017,
NER-2017,NER,Niger,2017,21.2
NGA-2017,NGA,Nigeria,2017,21.9
NIC-2017,NIC,Nicaragua,2017,
NLD-2017,NLD,Netherlands,2017,63.4
NOR-2017,NOR,Norway,2017,53.1
NPL-2017,NPL,Nepal,2017,24.2
NRU-2017,NRU,Nauru,2017,
NZL-2017,NZL,New Zealand,2017,52.9
OMN-2017,OMN,Oman,2017,31.8
PAK-2017,PAK,Pakistan,2017,23.8
PAN-2017,PAN,Panama,2017,35.0
PER-2017,PER,Peru,2017,32.9
PHL-2017,PHL,Philippines,2017,32.5
PLW-2017,PLW,Palau,2017,
PNG-2017,PNG,Papua New Guinea,2017,
POL-2017,POL,Poland,2017,42.0
PRI-2017,PRI,Puerto Rico,2017,
PRK-2017,PRK,"Korea, Dem. People’s Rep.",2017,
PRT-2017,PRT,Portugal,2017,46.1
PRY-2017,PRY,Paraguay,2017,30.3
PSE-2017,PSE,West Bank and Gaza,2017,
PYF-2017,PYF,French Polynesia,2017,
QAT-2017,QAT,Qatar,2017,37.9
ROU-2017,ROU,Romania,2017,39.2
RUS-2017,RUS,Russian Federation,2017,38.8
RWA-2017,RWA,Rwanda,2017,27.4
SAU-2017,SAU,Saudi Arabia,2017,36.2
SDN-2017,SDN,Sudan,2017,
SEN-2017,SEN,Senegal,2017,27.1
SGP-2017,SGP,Singapore,2017,58.7
SLB-2017,SLB,Solomon Islands,2017,
SLE-2017,SLE,Sierra Leone,2017,
SLV-2017,SLV,El Salvador,2017,26.7
SMR-2017,SMR,San Marino,2017,
SOM-2017,SOM,Somalia,2017,
SRB-2017,SRB,Serbia,2017,35.3
SSD-2017,SSD,South Sudan,2017,
STP-2017,STP,Sao Tome and Principe,2017,
SUR-2017,SUR,Suriname,2017,
SVK-2017,SVK,Slovak Republic,2017,43.4
SVN-2017,SVN,Slovenia,2017,45.8
SWE-2017,SWE,Sweden,2017,63.8
SWZ-2017,SWZ,Swaziland,2017,
SXM-2017,SXM,Sint Maarten (Dutch part),2017,
SYC-2017,SYC,Seychelles,2017,
SYR-2017,SYR,Syrian Arab Republic,2017,
TCA-2017,TCA,Turks and Caicos Islands,2017,
TCD-2017,TCD,Chad,2017,
TGO-2017,TGO,Togo,2017,18.4
THA-2017,THA,Thailand,2017,37.6
TJK-2017,TJK,Tajikistan,2017,28.2
TKM-2017,TKM,Turkmenistan,2017,
TLS-2017,TLS,Timor-Leste,2017,
TON-2017,TON,Tonga,2017,
TTO-2017,TTO,Trinidad and Tobago,2017,29.7
TUN-2017,TUN,Tunisia,2017,32.3
TUR-2017,TUR,Turkey,2017,38.9
TUV-2017,TUV,Tuvalu,2017,
TZA-2017,TZA,Tanzania,2017,28.0
UGA-2017,UGA,Uganda,2017,27.0
UKR-2017,UKR,Ukraine,2017,37.6
URY-2017,URY,Uruguay,2017,34.5
USA-2017,USA,United States,2017,61.4
UZB-2017,UZB,Uzbekistan,2017,
VCT-2017,VCT,St. Vincent and the Grenadines,2017,
VEN-2017,VEN,"Venezuela, RB",2017,
VGB-2017,VGB,British Virgin Islands,2017,
VIR-2017,VIR,Virgin Islands (U.S.),2017,
VNM-2017,VNM,Vietnam,2017,38.3
VUT-2017,VUT,Vanuatu,2017,
WSM-2017,WSM,Samoa,2017,
YEM-2017,YEM,"Yemen, Rep.",2017,15.6
ZAF-2017,ZAF,South Africa,2017,35.8
ZMB-2017,ZMB,Zambia,2017,20.8
ZWE-2017,ZWE,Zimbabwe,2017,21.8
ABW-2018,ABW,Aruba,2018,
AFG-2018,AFG,Afghanistan,2018,
AGO-2018,AGO,Angola,2018,
ALB-2018,ALB,Albania,2018,30.0
AND-2018,AND,Andorra,2018,
ARE-2018,ARE,United Arab Emirates,2018,42.6
ARG-2018,ARG,Argentina,2018,30.7
ARM-2018,ARM,Armenia,2018,32.8
ASM-2018,ASM,American Samoa,2018,
ATG-2018,ATG,Antigua and Barbuda,2018,
AUS-2018,AUS,Australia,2018,52.0
AUT-2018,AUT,Austria,2018,51.3
AZE-2018,AZE,Azerbaijan,2018,30.2
BDI-2018,BDI,Burundi,2018,
BEL-2018,BEL,Belgium,2018,50.5
BEN-2018,BEN,Benin,2018,20.6
BFA-2018,BFA,Burkina Faso,2018,18.9
BGD-2018,BGD,Bangladesh,2018,23.1
BGR-2018,BGR,Bulgaria,2018,42.6
BHR-2018,BHR,Bahrain,2018,31.7
BHS-2018,BHS,"Bahamas, The",2018,
BIH-2018,BIH,Bosnia and Herzegovina,2018,31.1
BLR-2018,BLR,Belarus,2018,29.4
BLZ-2018,BLZ,Belize,2018,
BMU-2018,BMU,Bermuda,2018,
BOL-2018,BOL,Bolivia,2018,22.9
BRA-2018,BRA,Brazil,2018,33.4
BRB-2018,BRB,Barbados,2018,
BRN-2018,BRN,Brunei Darussalam,2018,32.8
BTN-2018,BTN,Bhutan,2018,
BWA-2018,BWA,Botswana,2018,28.2
CAF-2018,CAF,Central African Republic,2018,
CAN-2018,CAN,Canada,2018,53.0
CHE-2018,CHE,Switzerland,2018,68.4
CHI-2018,CHI,Channel Islands,2018,
CHL-2018,CHL,Chile,2018,37.8
CHN-2018,CHN,China,2018,53.1
CIV-2018,CIV,Cote d'Ivoire,2018,
CMR-2018,CMR,Cameroon,2018,23.8
COD-2018,COD,"Congo, Dem. Rep.",2018,
COG-2018,COG,"Congo, Rep.",2018,
COL-2018,COL,Colombia,2018,33.8
COM-2018,COM,Comoros,2018,
CPV-2018,CPV,Cabo Verde,2018,
CRI-2018,CRI,Costa Rica,2018,35.7
CUB-2018,CUB,Cuba,2018,
CUW-2018,CUW,Curacao,2018,
CYM-2018,CYM,Cayman Islands,2018,
CYP-2018,CYP,Cyprus,2018,47.8
CZE-2018,CZE,Czech Republic,2018,48.7
DEU-2018,DEU,Germany,2018,58.0
DJI-2018,DJI,Djibouti,2018,
DMA-2018,DMA,Dominica,2018,
DNK-2018,DNK,Denmark,2018,58.4
DOM-2018,DOM,Dominican Republic,2018,29.3
DZA-2018,DZA,Algeria,2018,23.9
ECU-2018,ECU,Ecuador,2018,26.8
EGY-2018,EGY,"Egypt, Arab Rep.",2018,27.2
ERI-2018,ERI,Eritrea,2018,
ESP-2018,ESP,Spain,2018,48.7
EST-2018,EST,Estonia,2018,50.5
ETH-2018,ETH,Ethiopia,2018,
FIN-2018,FIN,Finland,2018,59.6
FJI-2018,FJI,Fiji,2018,
FRA-2018,FRA,France,2018,54.4
FRO-2018,FRO,Faroe Islands,2018,
FSM-2018,FSM,"Micronesia, Fed. Sts.",2018,
GAB-2018,GAB,Gabon,2018,
GBR-2018,GBR,United Kingdom,2018,60.1
GEO-2018,GEO,Georgia,2018,35.0
GHA-2018,GHA,Ghana,2018,24.5
GIB-2018,GIB,Gibraltar,2018,
GIN-2018,GIN,Guinea,2018,20.7
GMB-2018,GMB,"Gambia, The",2018,
GNB-2018,GNB,Guinea-Bissau,2018,
GNQ-2018,GNQ,Equatorial Guinea,2018,
GRC-2018,GRC,Greece,2018,38.9
GRD-2018,GRD,Grenada,2018,
GRL-2018,GRL,Greenland,2018,
GTM-2018,GTM,Guatemala,2018,25.5
GUM-2018,GUM,Guam,2018,
GUY-2018,GUY,Guyana,2018,
HND-2018,HND,Honduras,2018,24.9
HRV-2018,HRV,Croatia,2018,40.7
HTI-2018,HTI,Haiti,2018,
HUN-2018,HUN,Hungary,2018,44.9
IDN-2018,IDN,Indonesia,2018,29.8
IMN-2018,IMN,Isle of Man,2018,
IND-2018,IND,India,2018,35.2
IRL-2018,IRL,Ireland,2018,57.2
IRN-2018,IRN,"Iran, Islamic Rep.",2018,33.4
IRQ-2018,IRQ,Iraq,2018,
ISL-2018,ISL,Iceland,2018,51.2
ISR-2018,ISR,Israel,2018,56.8
ITA-2018,ITA,Italy,2018,46.3
JAM-2018,JAM,Jamaica,2018,30.4
JOR-2018,JOR,Jordan,2018,30.8
JPN-2018,JPN,Japan,2018,55.0
KAZ-2018,KAZ,Kazakhstan,2018,31.4
KEN-2018,KEN,Kenya,2018,31.1
KGZ-2018,KGZ,Kyrgyz Republic,2018,27.6
KHM-2018,KHM,Cambodia,2018,26.7
KIR-2018,KIR,Kiribati,2018,
KNA-2018,KNA,St. Kitts and Nevis,2018,
KOR-2018,KOR,"Korea, Rep.",2018,56.6
KSV-2018,KSV,Kosovo,2018,
KWT-2018,KWT,Kuwait,2018,34.4
LBN-2018,LBN,Lebanon,2018,28.2
LBR-2018,LBR,Liberia,2018,
LBY-2018,LBY,Libya,2018,
LCA-2018,LCA,St. Lucia,2018,
LIE-2018,LIE,Liechtenstein,2018,
LKA-2018,LKA,Sri Lanka,2018,28.7
LSO-2018,LSO,Lesotho,2018,
LTU-2018,LTU,Lithuania,2018,41.2
LUX-2018,LUX,Luxembourg,2018,54.5
LVA-2018,LVA,Latvia,2018,43.2
MAC-2018,MAC,"Macao SAR, China",2018,
MAF-2018,MAF,St. Martin (French part),2018,
MAR-2018,MAR,Morocco,2018,31.1
MCO-2018,MCO,Monaco,2018,
MDA-2018,MDA,Moldova,2018,37.6
MDG-2018,MDG,Madagascar,2018,24.8
MDV-2018,MDV,Maldives,2018,
MEX-2018,MEX,Mexico,2018,35.3
MHL-2018,MHL,Marshall Islands,2018,
MKD-2018,MKD,"Macedonia, FYR",2018,29.9
MLI-2018,MLI,Mali,2018,23.3
MLT-2018,MLT,Malta,2018,50.3
MMR-2018,MMR,Myanmar,2018,
MNE-2018,MNE,Montenegro,2018,36.5
MNG-2018,MNG,Mongolia,2018,35.9
MNP-2018,MNP,Northern Mariana Islands,2018,
MOZ-2018,MOZ,Mozambique,2018,23.1
MRT-2018,MRT,Mauritania,2018,
MUS-2018,MUS,Mauritius,2018,31.3
MWI-2018,MWI,Malawi,2018,23.1
MYS-2018,MYS,Malaysia,2018,43.0
NAM-2018,NAM,Namibia,2018,28.0
NCL-2018,NCL,New Caledonia,2018,
NER-2018,NER,Niger,2018,20.6
NGA-2018,NGA,Nigeria,2018,22.4
NIC-2018,NIC,Nicaragua,2018,
NLD-2018,NLD,Netherlands,2018,63.3
NOR-2018,NOR,Norway,2018,52.6
NPL-2018,NPL,Nepal,2018,24.2
NRU-2018,NRU,Nauru,2018,
NZL-2018,NZL,New Zealand,2018,51.3
OMN-2018,OMN,Oman,2018,32.8
PAK-2018,PAK,Pakistan,2018,24.1
PAN-2018,PAN,Panama,2018,32.4
PER-2018,PER,Peru,2018,31.8
PHL-2018,PHL,Philippines,2018,31.6
PLW-2018,PLW,Palau,2018,
PNG-2018,PNG,Papua New Guinea,2018,
POL-2018,POL,Poland,2018,41.7
PRI-2018,PRI,Puerto Rico,2018,
PRK-2018,PRK,"Korea, Dem. People’s Rep.",2018,
PRT-2018,PRT,Portugal,2018,45.7
PRY-2018,PRY,Paraguay,2018,28.7
PSE-2018,PSE,West Bank and Gaza,2018,
PYF-2018,PYF,French Polynesia,2018,
QAT-2018,QAT,Qatar,2018,36.6
ROU-2018,ROU,Romania,2018,37.6
RUS-2018,RUS,Russian Federation,2018,37.9
RWA-2018,RWA,Rwanda,2018,26.5
SAU-2018,SAU,Saudi Arabia,2018,34.3
SDN-2018,SDN,Sudan,2018,
SEN-2018,SEN,Senegal,2018,26.5
SGP-2018,SGP,Singapore,2018,59.8
SLB-2018,SLB,Solomon Islands,2018,
SLE-2018,SLE,Sierra Leone,2018,
SLV-2018,SLV,El Salvador,2018,25.1
SMR-2018,SMR,San Marino,2018,
SOM-2018,SOM,Somalia,2018,
SRB-2018,SRB,Serbia,2018,35.5
SSD-2018,SSD,South Sudan,2018,
STP-2018,STP,Sao Tome and Principe,2018,
SUR-2018,SUR,Suriname,2018,
SVK-2018,SVK,Slovak Republic,2018,42.9
SVN-2018,SVN,Slovenia,2018,46.9
SWE-2018,SWE,Sweden,2018,63.1
SWZ-2018,SWZ,Swaziland,2018,
SXM-2018,SXM,Sint Maarten (Dutch part),2018,
SYC-2018,SYC,Seychelles,2018,
SYR-2018,SYR,Syrian Arab Republic,2018,
TCA-2018,TCA,Turks and Caicos Islands,2018,
TCD-2018,TCD,Chad,2018,
TGO-2018,TGO,Togo,2018,18.9
THA-2018,THA,Thailand,2018,38.0
TJK-2018,TJK,Tajikistan,2018,26.5
TKM-2018,TKM,Turkmenistan,2018,
TLS-2018,TLS,Timor-Leste,2018,
TON-2018,TON,Tonga,2018,
TTO-2018,TTO,Trinidad and Tobago,2018,27.0
TUN-2018,TUN,Tunisia,2018,32.9
TUR-2018,TUR,Turkey,2018,37.4
TUV-2018,TUV,Tuvalu,2018,
TZA-2018,TZA,Tanzania,2018,28.1
UGA-2018,UGA,Uganda,2018,25.3
UKR-2018,UKR,Ukraine,2018,38.5
URY-2018,URY,Uruguay,2018,34.2
USA-2018,USA,United States,2018,59.8
UZB-2018,UZB,Uzbekistan,2018,
VCT-2018,VCT,St. Vincent and the Grenadines,2018,
VEN-2018,VEN,"Venezuela, RB",2018,
VGB-2018,VGB,British Virgin Islands,2018,
VIR-2018,VIR,Virgin Islands (U.S.),2018,
VNM-2018,VNM,Vietnam,2018,37.9
VUT-2018,VUT,Vanuatu,2018,
WSM-2018,WSM,Samoa,2018,
YEM-2018,YEM,"Yemen, Rep.",2018,15.0
ZAF-2018,ZAF,South Africa,2018,35.1
ZMB-2018,ZMB,Zambia,2018,20.7
ZWE-2018,ZWE,Zimbabwe,2018,23.1
ABW-2019,ABW,Aruba,2019,
AFG-2019,AFG,Afghanistan,2019,
AGO-2019,AGO,Angola,2019,
ALB-2019,ALB,Albania,2019,30.3
AND-2019,AND,Andorra,2019,
ARE-2019,ARE,United Arab Emirates,2019,
ARG-2019,ARG,Argentina,2019,31.9
ARM-2019,ARM,Armenia,2019,34.0
ASM-2019,ASM,American Samoa,2019,
ATG-2019,ATG,Antigua and Barbuda,2019,
AUS-2019,AUS,Australia,2019,50.3
AUT-2019,AUT,Austria,2019,50.9
AZE-2019,AZE,Azerbaijan,2019,30.2
BDI-2019,BDI,Burundi,2019,17.6
BEL-2019,BEL,Belgium,2019,50.2
BEN-2019,BEN,Benin,2019,20.4
BFA-2019,BFA,Burkina Faso,2019,23.3
BGD-2019,BGD,Bangladesh,2019,23.3
BGR-2019,BGR,Bulgaria,2019,40.3
BHR-2019,BHR,Bahrain,2019,31.1
BHS-2019,BHS,"Bahamas, The",2019,
BIH-2019,BIH,Bosnia and Herzegovina,2019,31.4
BLR-2019,BLR,Belarus,2019,32.1
BLZ-2019,BLZ,Belize,2019,
BMU-2019,BMU,Bermuda,2019,
BOL-2019,BOL,Bolivia,2019,24.8
BRA-2019,BRA,Brazil,2019,33.8
BRB-2019,BRB,Barbados,2019,
BRN-2019,BRN,Brunei Darussalam,2019,32.3
BTN-2019,BTN,Bhutan,2019,
BWA-2019,BWA,Botswana,2019,27.4
CAF-2019,CAF,Central African Republic,2019,
CAN-2019,CAN,Canada,2019,53.9
CHE-2019,CHE,Switzerland,2019,67.2
CHI-2019,CHI,Channel Islands,2019,
CHL-2019,CHL,Chile,2019,36.6
CHN-2019,CHN,China,2019,54.8
CIV-2019,CIV,Cote d'Ivoire,2019,25.6
CMR-2019,CMR,Cameroon,2019,23.9
COD-2019,COD,"Congo, Dem. Rep.",2019,
COG-2019,COG,"Congo, Rep.",2019,
COL-2019,COL,Colombia,2019,33.0
COM-2019,COM,Comoros,2019,
CPV-2019,CPV,Cabo Verde,2019,
CRI-2019,CRI,Costa Rica,2019,36.1
CUB-2019,CUB,Cuba,2019,
CUW-2019,CUW,Curacao,2019,
CYM-2019,CYM,Cayman Islands,2019,
CYP-2019,CYP,Cyprus,2019,48.3
CZE-2019,CZE,Czech Republic,2019,
DEU-2019,DEU,Germany,2019,58.2
DJI-2019,DJI,Djibouti,2019,
DMA-2019,DMA,Dominica,2019,
DNK-2019,DNK,Denmark,2019,58.4
DOM-2019,DOM,Dominican Republic,2019,
DZA-2019,DZA,Algeria,2019,24.0
ECU-2019,ECU,Ecuador,2019,26.6
EGY-2019,EGY,"Egypt, Arab Rep.",2019,27.5
ERI-2019,ERI,Eritrea,2019,
ESP-2019,ESP,Spain,2019,47.9
EST-2019,EST,Estonia,2019,50.0
ETH-2019,ETH,Ethiopia,2019,24.2
FIN-2019,FIN,Finland,2019,59.8
FJI-2019,FJI,Fiji,2019,
FRA-2019,FRA,France,2019,54.2
FRO-2019,FRO,Faroe Islands,2019,
FSM-2019,FSM,"Micronesia, Fed. Sts.",2019,
GAB-2019,GAB,Gabon,2019,
GBR-2019,GBR,United Kingdom,2019,
GEO-2019,GEO,Georgia,2019,37.0
GHA-2019,GHA,Ghana,2019,25.3
GIB-2019,GIB,Gibraltar,2019,
GIN-2019,GIN,Guinea,2019,19.5
GMB-2019,GMB,"Gambia, The",2019,
GNB-2019,GNB,Guinea-Bissau,2019,
GNQ-2019,GNQ,Equatorial Guinea,2019,
GRC-2019,GRC,Greece,2019,38.9
GRD-2019,GRD,Grenada,2019,
GRL-2019,GRL,Greenland,2019,
GTM-2019,GTM,Guatemala,2019,25.1
GUM-2019,GUM,Guam,2019,
GUY-2019,GUY,Guyana,2019,
HND-2019,HND,Honduras,2019,25.5
HRV-2019,HRV,Croatia,2019,37.8
HTI-2019,HTI,Haiti,2019,
HUN-2019,HUN,Hungary,2019,44.5
IDN-2019,IDN,Indonesia,2019,29.7
IMN-2019,IMN,Isle of Man,2019,
IND-2019,IND,India,2019,36.6
IRL-2019,IRL,Ireland,2019,56.1
IRN-2019,IRN,"Iran, Islamic Rep.",2019,34.4
IRQ-2019,IRQ,Iraq,2019,
ISL-2019,ISL,Iceland,2019,51.5
ISR-2019,ISR,Israel,2019,57.4
ITA-2019,ITA,Italy,2019,46.3
JAM-2019,JAM,Jamaica,2019,30.8
JOR-2019,JOR,Jordan,2019,29.6
JPN-2019,JPN,Japan,2019,54.7
KAZ-2019,KAZ,Kazakhstan,2019,31.0
KEN-2019,KEN,Kenya,2019,31.1
KGZ-2019,KGZ,Kyrgyz Republic,2019,28.4
KHM-2019,KHM,Cambodia,2019,26.6
KIR-2019,KIR,Kiribati,2019,
KNA-2019,KNA,St. Kitts and Nevis,2019,
KOR-2019,KOR,"Korea, Rep.",2019,
KSV-2019,KSV,Kosovo,2019,
KWT-2019,KWT,Kuwait,2019,34.6
LBN-2019,LBN,Lebanon,2019,28.5
LBR-2019,LBR,Liberia,2019,
LBY-2019,LBY,Libya,2019,
LCA-2019,LCA,St. Lucia,2019,
LIE-2019,LIE,Liechtenstein,2019,
LKA-2019,LKA,Sri Lanka,2019,28.5
LSO-2019,LSO,Lesotho,2019,
LTU-2019,LTU,Lithuania,2019,41.5
LUX-2019,LUX,Luxembourg,2019,53.5
LVA-2019,LVA,Latvia,2019,43.2
MAC-2019,MAC,"Macao SAR, China",2019,
MAF-2019,MAF,St. Martin (French part),2019,
MAR-2019,MAR,Morocco,2019,31.6
MCO-2019,MCO,Monaco,2019,
MDA-2019,MDA,Moldova,2019,
MDG-2019,MDG,Madagascar,2019,22.4
MDV-2019,MDV,Maldives,2019,
MEX-2019,MEX,Mexico,2019,36.1
MHL-2019,MHL,Marshall Islands,2019,
MKD-2019,MKD,"Macedonia, FYR",2019,
MLI-2019,MLI,Mali,2019,24.0
MLT-2019,MLT,Malta,2019,49.0
MMR-2019,MMR,Myanmar,2019,
MNE-2019,MNE,Montenegro,2019,37.7
MNG-2019,MNG,Mongolia,2019,36.3
MNP-2019,MNP,Northern Mariana Islands,2019,
MOZ-2019,MOZ,Mozambique,2019,22.9
MRT-2019,MRT,Mauritania,2019,
MUS-2019,MUS,Mauritius,2019,30.6
MWI-2019,MWI,Malawi,2019,23.0
MYS-2019,MYS,Malaysia,2019,42.7
NAM-2019,NAM,Namibia,2019,25.9
NCL-2019,NCL,New Caledonia,2019,
NER-2019,NER,Niger,2019,
NGA-2019,NGA,Nigeria,2019,23.9
NIC-2019,NIC,Nicaragua,2019,22.5
NLD-2019,NLD,Netherlands,2019,
NOR-2019,NOR,Norway,2019,51.9
NPL-2019,NPL,Nepal,2019,24.9
NRU-2019,NRU,Nauru,2019,
NZL-2019,NZL,New Zealand,2019,49.6
OMN-2019,OMN,Oman,2019,31.0
PAK-2019,PAK,Pakistan,2019,25.4
PAN-2019,PAN,Panama,2019,31.5
PER-2019,PER,Peru,2019,32.9
PHL-2019,PHL,Philippines,2019,36.2
PLW-2019,PLW,Palau,2019,
PNG-2019,PNG,Papua New Guinea,2019,
POL-2019,POL,Poland,2019,41.3
PRI-2019,PRI,Puerto Rico,2019,
PRK-2019,PRK,"Korea, Dem. People’s Rep.",2019,
PRT-2019,PRT,Portugal,2019,44.6
PRY-2019,PRY,Paraguay,2019,27.1
PSE-2019,PSE,West Bank and Gaza,2019,
PYF-2019,PYF,French Polynesia,2019,
QAT-2019,QAT,Qatar,2019,33.9
ROU-2019,ROU,Romania,2019,36.8
RUS-2019,RUS,Russian Federation,2019,
RWA-2019,RWA,Rwanda,2019,27.4
SAU-2019,SAU,Saudi Arabia,2019,32.9
SDN-2019,SDN,Sudan,2019,
SEN-2019,SEN,Senegal,2019,26.8
SGP-2019,SGP,Singapore,2019,58.4
SLB-2019,SLB,Solomon Islands,2019,
SLE-2019,SLE,Sierra Leone,2019,
SLV-2019,SLV,El Salvador,2019,24.9
SMR-2019,SMR,San Marino,2019,
SOM-2019,SOM,Somalia,2019,
SRB-2019,SRB,Serbia,2019,35.7
SSD-2019,SSD,South Sudan,2019,
STP-2019,STP,Sao Tome and Principe,2019,
SUR-2019,SUR,Suriname,2019,
SVK-2019,SVK,Slovak Republic,2019,42.0
SVN-2019,SVN,Slovenia,2019,45.3
SWE-2019,SWE,Sweden,2019,63.7
SWZ-2019,SWZ,Swaziland,2019,
SXM-2019,SXM,Sint Maarten (Dutch part),2019,
SYC-2019,SYC,Seychelles,2019,
SYR-2019,SYR,Syrian Arab Republic,2019,
TCA-2019,TCA,Turks and Caicos Islands,2019,
TCD-2019,TCD,Chad,2019,
TGO-2019,TGO,Togo,2019,18.5
THA-2019,THA,Thailand,2019,38.6
TJK-2019,TJK,Tajikistan,2019,26.4
TKM-2019,TKM,Turkmenistan,2019,
TLS-2019,TLS,Timor-Leste,2019,
TON-2019,TON,Tonga,2019,
TTO-2019,TTO,Trinidad and Tobago,2019,28.1
TUN-2019,TUN,Tunisia,2019,32.8
TUR-2019,TUR,Turkey,2019,36.9
TUV-2019,TUV,Tuvalu,2019,
TZA-2019,TZA,Tanzania,2019,
UGA-2019,UGA,Uganda,2019,25.6
UKR-2019,UKR,Ukraine,2019,37.4
URY-2019,URY,Uruguay,2019,34.3
USA-2019,USA,United States,2019,
UZB-2019,UZB,Uzbekistan,2019,
VCT-2019,VCT,St. Vincent and the Grenadines,2019,
VEN-2019,VEN,"Venezuela, RB",2019,
VGB-2019,VGB,British Virgin Islands,2019,
VIR-2019,VIR,Virgin Islands (U.S.),2019,
VNM-2019,VNM,Vietnam,2019,38.8
VUT-2019,VUT,Vanuatu,2019,
WSM-2019,WSM,Samoa,2019,
YEM-2019,YEM,"Yemen, Rep.",2019,14.5
ZAF-2019,ZAF,South Africa,2019,34.0
ZMB-2019,ZMB,Zambia,2019,20.4
ZWE-2019,ZWE,Zimbabwe,2019,22.3
ABW-2020,ABW,Aruba,2020,
AFG-2020,AFG,Afghanistan,2020,
AGO-2020,AGO,Angola,2020,
ALB-2020,ALB,Albania,2020,27.1
AND-2020,AND,Andorra,2020,
ARE-2020,ARE,United Arab Emirates,2020,
ARG-2020,ARG,Argentina,2020,28.3
ARM-2020,ARM,Armenia,2020,32.6
ASM-2020,ASM,American Samoa,2020,
ATG-2020,ATG,Antigua and Barbuda,2020,
AUS-2020,AUS,Australia,2020,48.4
AUT-2020,AUT,Austria,2020,50.1
AZE-2020,AZE,Azerbaijan,2020,27.2
BDI-2020,BDI,Burundi,2020,
BEL-2020,BEL,Belgium,2020,49.1
BEN-2020,BEN,Benin,2020,18.1
BFA-2020,BFA,Burkina Faso,2020,20.0
BGD-2020,BGD,Bangladesh,2020,20.4
BGR-2020,BGR,Bulgaria,2020,40.0
BHR-2020,BHR,Bahrain,2020,28.4
BHS-2020,BHS,"Bahamas, The",2020,
BIH-2020,BIH,Bosnia and Herzegovina,2020,29.0
BLR-2020,BLR,Belarus,2020,31.3
BLZ-2020,BLZ,Belize,2020,
BMU-2020,BMU,Bermuda,2020,
BOL-2020,BOL,Bolivia,2020,22.4
BRA-2020,BRA,Brazil,2020,31.9
BRB-2020,BRB,Barbados,2020,
BRN-2020,BRN,Brunei Darussalam,2020,29.8
BTN-2020,BTN,Bhutan,2020,
BWA-2020,BWA,Botswana,2020,25.4
CAF-2020,CAF,Central African Republic,2020,
CAN-2020,CAN,Canada,2020,52.3
CHE-2020,CHE,Switzerland,2020,66.1
CHI-2020,CHI,Channel Islands,2020,
CHL-2020,CHL,Chile,2020,33.9
CHN-2020,CHN,China,2020,53.3
CIV-2020,CIV,Cote d'Ivoire,2020,
CMR-2020,CMR,Cameroon,2020,20.0
COD-2020,COD,"Congo, Dem. Rep.",2020,
COG-2020,COG,"Congo, Rep.",2020,
COL-2020,COL,Colombia,2020,30.8
COM-2020,COM,Comoros,2020,
CPV-2020,CPV,Cabo Verde,2020,23.9
CRI-2020,CRI,Costa Rica,2020,33.5
CUB-2020,CUB,Cuba,2020,
CUW-2020,CUW,Curacao,2020,
CYM-2020,CYM,Cayman Islands,2020,
CYP-2020,CYP,Cyprus,2020,45.7
CZE-2020,CZE,Czech Republic,2020,
DEU-2020,DEU,Germany,2020,56.5
DJI-2020,DJI,Djibouti,2020,
DMA-2020,DMA,Dominica,2020,
DNK-2020,DNK,Denmark,2020,57.5
DOM-2020,DOM,Dominican Republic,2020,
DZA-2020,DZA,Algeria,2020,19.5
ECU-2020,ECU,Ecuador,2020,24.1
EGY-2020,EGY,"Egypt, Arab Rep.",2020,24.2
ERI-2020,ERI,Eritrea,2020,
ESP-2020,ESP,Spain,2020,45.6
EST-2020,EST,Estonia,2020,48.3
ETH-2020,ETH,Ethiopia,2020,18.1
FIN-2020,FIN,Finland,2020,57.0
FJI-2020,FJI,Fiji,2020,
FRA-2020,FRA,France,2020,53.7
FRO-2020,FRO,Faroe Islands,2020,
FSM-2020,FSM,"Micronesia, Fed. Sts.",2020,
GAB-2020,GAB,Gabon,2020,
GBR-2020,GBR,United Kingdom,2020,
GEO-2020,GEO,Georgia,2020,31.8
GHA-2020,GHA,Ghana,2020,22.3
GIB-2020,GIB,Gibraltar,2020,
GIN-2020,GIN,Guinea,2020,17.3
GMB-2020,GMB,"Gambia, The",2020,
GNB-2020,GNB,Guinea-Bissau,2020,
GNQ-2020,GNQ,Equatorial Guinea,2020,
GRC-2020,GRC,Greece,2020,36.8
GRD-2020,GRD,Grenada,2020,
GRL-2020,GRL,Greenland,2020,
GTM-2020,GTM,Guatemala,2020,22.4
GUM-2020,GUM,Guam,2020,
GUY-2020,GUY,Guyana,2020,
HND-2020,HND,Honduras,2020,23.0
HRV-2020,HRV,Croatia,2020,37.3
HTI-2020,HTI,Haiti,2020,
HUN-2020,HUN,Hungary,2020,41.5
IDN-2020,IDN,Indonesia,2020,26.5
IMN-2020,IMN,Isle of Man,2020,
IND-2020,IND,India,2020,35.6
IRL-2020,IRL,Ireland,2020,53.0
IRN-2020,IRN,"Iran, Islamic Rep.",2020,30.9
IRQ-2020,IRQ,Iraq,2020,
ISL-2020,ISL,Iceland,2020,49.2
ISR-2020,ISR,Israel,2020,53.5
ITA-2020,ITA,Italy,2020,45.7
JAM-2020,JAM,Jamaica,2020,29.1
JOR-2020,JOR,Jordan,2020,27.8
JPN-2020,JPN,Japan,2020,52.7
KAZ-2020,KAZ,Kazakhstan,2020,28.6
KEN-2020,KEN,Kenya,2020,26.1
KGZ-2020,KGZ,Kyrgyz Republic,2020,24.5
KHM-2020,KHM,Cambodia,2020,21.5
KIR-2020,KIR,Kiribati,2020,
KNA-2020,KNA,St. Kitts and Nevis,2020,
KOR-2020,KOR,"Korea, Rep.",2020,
KSV-2020,KSV,Kosovo,2020,
KWT-2020,KWT,Kuwait,2020,28.4
LBN-2020,LBN,Lebanon,2020,26.0
LBR-2020,LBR,Liberia,2020,
LBY-2020,LBY,Libya,2020,
LCA-2020,LCA,St. Lucia,2020,
LIE-2020,LIE,Liechtenstein,2020,
LKA-2020,LKA,Sri Lanka,2020,23.8
LSO-2020,LSO,Lesotho,2020,
LTU-2020,LTU,Lithuania,2020,39.2
LUX-2020,LUX,Luxembourg,2020,50.8
LVA-2020,LVA,Latvia,2020,41.1
MAC-2020,MAC,"Macao SAR, China",2020,
MAF-2020,MAF,St. Martin (French part),2020,
MAR-2020,MAR,Morocco,2020,29.0
MCO-2020,MCO,Monaco,2020,
MDA-2020,MDA,Moldova,2020,
MDG-2020,MDG,Madagascar,2020,20.4
MDV-2020,MDV,Maldives,2020,
MEX-2020,MEX,Mexico,2020,33.6
MHL-2020,MHL,Marshall Islands,2020,
MKD-2020,MKD,"Macedonia, FYR",2020,
MLI-2020,MLI,Mali,2020,19.2
MLT-2020,MLT,Malta,2020,46.4
MMR-2020,MMR,Myanmar,2020,17.7
MNE-2020,MNE,Montenegro,2020,35.4
MNG-2020,MNG,Mongolia,2020,33.4
MNP-2020,MNP,Northern Mariana Islands,2020,
MOZ-2020,MOZ,Mozambique,2020,18.7
MRT-2020,MRT,Mauritania,2020,
MUS-2020,MUS,Mauritius,2020,34.4
MWI-2020,MWI,Malawi,2020,21.4
MYS-2020,MYS,Malaysia,2020,42.4
NAM-2020,NAM,Namibia,2020,22.5
NCL-2020,NCL,New Caledonia,2020,
NER-2020,NER,Niger,2020,
NGA-2020,NGA,Nigeria,2020,20.1
NIC-2020,NIC,Nicaragua,2020,
NLD-2020,NLD,Netherlands,2020,
NOR-2020,NOR,Norway,2020,49.3
NPL-2020,NPL,Nepal,2020,24.4
NRU-2020,NRU,Nauru,2020,
NZL-2020,NZL,New Zealand,2020,47.0
OMN-2020,OMN,Oman,2020,26.5
PAK-2020,PAK,Pakistan,2020,22.3
PAN-2020,PAN,Panama,2020,29.0
PER-2020,PER,Peru,2020,28.8
PHL-2020,PHL,Philippines,2020,35.2
PLW-2020,PLW,Palau,2020,
PNG-2020,PNG,Papua New Guinea,2020,
POL-2020,POL,Poland,2020,40.0
PRI-2020,PRI,Puerto Rico,2020,
PRK-2020,PRK,"Korea, Dem. People’s Rep.",2020,
PRT-2020,PRT,Portugal,2020,43.5
PRY-2020,PRY,Paraguay,2020,24.1
PSE-2020,PSE,West Bank and Gaza,2020,
PYF-2020,PYF,French Polynesia,2020,
QAT-2020,QAT,Qatar,2020,30.8
ROU-2020,ROU,Romania,2020,36.0
RUS-2020,RUS,Russian Federation,2020,
RWA-2020,RWA,Rwanda,2020,25.1
SAU-2020,SAU,Saudi Arabia,2020,30.9
SDN-2020,SDN,Sudan,2020,
SEN-2020,SEN,Senegal,2020,23.7
SGP-2020,SGP,Singapore,2020,56.6
SLB-2020,SLB,Solomon Islands,2020,
SLE-2020,SLE,Sierra Leone,2020,
SLV-2020,SLV,El Salvador,2020,24.8
SMR-2020,SMR,San Marino,2020,
SOM-2020,SOM,Somalia,2020,
SRB-2020,SRB,Serbia,2020,34.3
SSD-2020,SSD,South Sudan,2020,
STP-2020,STP,Sao Tome and Principe,2020,
SUR-2020,SUR,Suriname,2020,
SVK-2020,SVK,Slovak Republic,2020,39.7
SVN-2020,SVN,Slovenia,2020,42.9
SWE-2020,SWE,Sweden,2020,62.5
SWZ-2020,SWZ,Swaziland,2020,
SXM-2020,SXM,Sint Maarten (Dutch part),2020,
SYC-2020,SYC,Seychelles,2020,
SYR-2020,SYR,Syrian Arab Republic,2020,
TCA-2020,TCA,Turks and Caicos Islands,2020,
TCD-2020,TCD,Chad,2020,
TGO-2020,TGO,Togo,2020,18.5
THA-2020,THA,Thailand,2020,36.7
TJK-2020,TJK,Tajikistan,2020,22.2
TKM-2020,TKM,Turkmenistan,2020,
TLS-2020,TLS,Timor-Leste,2020,
TON-2020,TON,Tonga,2020,
TTO-2020,TTO,Trinidad and Tobago,2020,24.1
TUN-2020,TUN,Tunisia,2020,31.2
TUR-2020,TUR,Turkey,2020,34.9
TUV-2020,TUV,Tuvalu,2020,
TZA-2020,TZA,Tanzania,2020,
UGA-2020,UGA,Uganda,2020,20.5
UKR-2020,UKR,Ukraine,2020,36.3
URY-2020,URY,Uruguay,2020,30.8
USA-2020,USA,United States,2020,
UZB-2020,UZB,Uzbekistan,2020,24.5
VCT-2020,VCT,St. Vincent and the Grenadines,2020,
VEN-2020,VEN,"Venezuela, RB",2020,
VGB-2020,VGB,British Virgin Islands,2020,
VIR-2020,VIR,Virgin Islands (U.S.),2020,
VNM-2020,VNM,Vietnam,2020,37.1
VUT-2020,VUT,Vanuatu,2020,
WSM-2020,WSM,Samoa,2020,
YEM-2020,YEM,"Yemen, Rep.",2020,13.6
ZAF-2020,ZAF,South Africa,2020,32.7
ZMB-2020,ZMB,Zambia,2020,19.4
ZWE-2020,ZWE,Zimbabwe,2020,20.0
